,City name,Country,Cloudiness,Dates,Humidities,Lats,Lngs,Max_temps,Wind_speeds
0,esil,KZ,0,1594849231,66,51.96,66.4,68.9,8.21
1,hilo,US,90,1594849772,65,19.73,-155.09,82.4,9.17
2,ponta delgada,PT,100,1594849297,90,38.73,-28.27,65.68,8.52
3,puerto madryn,ES,0,1594849297,42,36.59,-6.23,82.4,23.04
4,punta arenas,PH,99,1594849772,87,8.99,125.34,75.18,3.83
5,hithadhoo,MV,100,1594849772,73,-0.6,73.08,83.46,5.26
6,mys shmidta,RU,100,1594849772,96,62.06,48.62,57.61,7.38
7,carnarvon,AU,90,1594849772,59,-24.87,113.63,66.2,8.05
8,goderich,CA,42,1594849772,61,43.75,-81.72,86.0,7.0
9,busselton,AU,34,1594849773,94,-33.65,115.33,59.0,22.93
10,chuy,UY,0,1594849773,69,-33.7,-53.46,42.89,4.09
11,arraial do cabo,BR,1,1594849773,77,-22.84,-46.65,60.8,17.22
12,rikitea,PF,100,1594849232,83,-23.12,-134.97,74.41,8.93
13,pandharpur,IN,100,1594849232,89,17.67,75.33,73.06,9.17
14,vao,NC,52,1594849773,74,-22.67,167.48,70.14,22.57
15,touros,BR,40,1594849773,88,-5.2,-35.46,77.0,5.82
16,aklavik,CA,75,1594849773,82,68.22,-135.01,57.2,6.93
17,atuona,PF,5,1594849773,76,-9.8,-139.03,79.32,16.58
18,ahuimanu,US,75,1594849773,65,21.44,-157.84,84.2,13.87
19,cabedelo,BR,99,1594849774,88,-6.98,-34.83,75.2,8.05
20,trincomalee,LK,100,1594849774,77,8.57,81.23,81.64,19.42
21,namibe,AO,24,1594849774,88,-15.2,12.15,65.7,7.63
22,east london,IS,75,1594849774,76,65.0,-15.0,51.8,12.75
23,butaritari,KI,78,1594849774,75,3.07,172.79,82.69,15.14
24,bismil,TR,0,1594849774,53,37.85,40.67,75.2,4.7
25,hobart,AU,75,1594849585,87,-42.88,147.33,43.0,6.93
26,tessalit,ML,60,1594849774,34,20.2,1.01,90.77,21.05
27,nikolskoye,RU,20,1594849774,67,59.7,30.79,60.8,6.71
28,winnemucca,US,1,1594849774,6,40.97,-117.74,89.6,3.36
29,newport,GB,73,1594849559,81,51.59,-3.0,64.0,5.61
30,ushuaia,AR,20,1594849775,92,-54.8,-68.3,30.2,5.82
31,thohoyandou,ZA,0,1594849775,67,-22.95,30.48,45.43,3.74
32,khatanga,RU,100,1594849775,67,71.97,102.5,56.53,10.09
33,dikson,RU,93,1594849775,97,73.51,80.55,40.05,7.16
34,sur,OM,22,1594849775,62,22.57,59.53,85.78,10.54
35,amahai,ID,46,1594849775,88,-3.33,128.92,76.87,2.66
36,bluff,NZ,44,1594849775,83,-46.6,168.33,39.0,3.0
37,ribeira grande,ES,8,1594849775,77,42.75,-8.44,64.0,6.93
38,tiksi,RU,2,1594849775,87,71.69,128.87,36.61,18.79
39,praia,CV,75,1594849235,74,14.92,-23.51,78.8,11.41
40,saint-philippe,RE,43,1594849775,72,-21.36,55.77,69.8,4.7
41,new norfolk,LR,61,1594849776,90,6.65,-10.59,70.52,3.51
42,kapaa,US,40,1594849776,74,22.08,-159.32,84.0,11.41
43,sagauli,IN,7,1594849235,80,26.78,84.73,82.45,11.41
44,san cristobal,ML,98,1594849776,70,13.3,-4.9,81.03,0.54
45,hermanus,ZA,52,1594849776,89,-34.42,19.23,42.01,1.99
46,morondava,MG,0,1594849235,64,-20.28,44.28,70.99,19.69
47,zhezkazgan,KZ,78,1594849776,46,47.8,67.71,76.66,14.18
48,avarua,CK,84,1594849300,60,-21.21,-159.78,73.4,6.93
49,atyashevo,RU,0,1594849235,92,54.56,46.07,57.43,7.4
50,waitati,NZ,8,1594849236,85,-45.75,170.57,42.01,1.99
51,anadyr,RU,20,1594849776,87,64.75,177.48,55.4,13.42
52,college,US,1,1594849777,56,64.86,-147.8,70.0,5.82
53,sao joao da barra,IN,100,1594849777,96,20.51,76.21,73.17,3.13
54,vaitape,PF,5,1594849777,85,-16.52,-151.75,78.67,17.0
55,mataura,NZ,12,1594849300,83,-46.19,168.86,39.0,3.0
56,mar del plata,ES,75,1594849300,72,43.4,-4.01,68.0,4.7
57,eureka,US,0,1594849777,17,40.8,-124.16,64.0,5.01
58,barrow,US,1,1594849777,75,71.29,-156.79,44.6,9.17
59,albany,US,23,1594849300,48,42.6,-73.97,87.01,2.06
60,narrabri,AU,0,1594849777,84,-30.32,149.78,37.99,3.6
61,kruisfontein,ZA,0,1594849777,63,-34.0,24.73,42.91,1.99
62,yellowknife,CA,75,1594849262,67,62.46,-114.35,62.6,11.41
63,morwell,AU,75,1594849237,97,-38.23,146.4,44.01,0.98
64,talnakh,RU,75,1594849628,87,69.49,88.4,48.2,4.47
65,torbay,CA,90,1594849301,100,47.67,-52.73,50.0,19.46
66,sakakah,SA,0,1594849778,11,29.97,40.21,96.8,5.82
67,armidale,AU,4,1594849237,75,-30.52,151.65,35.01,1.99
68,garowe,SO,68,1594849237,54,8.41,48.48,80.56,24.16
69,port hedland,CD,14,1594849778,47,-7.03,29.76,73.47,6.82
70,matagami,CA,90,1594849778,93,49.75,-77.63,66.2,12.75
71,cape town,CL,75,1594849778,59,-36.41,-71.9,60.8,1.12
72,north bend,FR,97,1594849778,81,50.33,3.67,61.0,1.99
73,bredasdorp,ZA,35,1594849779,86,-34.53,20.04,39.2,1.12
74,qaanaaq,GL,100,1594849779,83,77.48,-69.36,42.33,7.0
75,kodiak,US,1,1594849611,52,57.79,-152.41,66.2,8.05
76,tuktoyaktuk,CA,75,1594849302,50,69.45,-133.04,57.2,11.41
77,komsomolskiy,UZ,40,1594849779,39,40.43,71.72,78.8,2.24
78,strai,NO,2,1594849238,77,58.2,7.9,59.0,6.93
79,flinders,AU,99,1594849502,61,-34.58,150.86,54.0,5.99
80,port alfred,CD,14,1594849779,47,-7.03,29.76,73.47,6.82
81,ust-tsilma,RU,83,1594849238,85,65.44,52.15,45.43,4.52
82,yar-sale,RU,55,1594849779,84,66.83,70.83,46.83,18.63
83,sao gabriel da cachoeira,IN,100,1594849302,96,20.51,76.21,73.17,3.13
84,san pedro de macoris,ML,98,1594849302,70,13.3,-4.9,81.03,0.54
85,hervey bay,US,20,1594849779,59,33.5,-93.78,91.4,8.05
86,itarema,BR,6,1594849780,77,-2.92,-39.92,78.17,13.11
87,thompson,CA,90,1594849302,93,55.74,-97.86,62.6,11.41
88,lahat,ID,81,1594849239,91,-3.8,103.53,72.37,1.83
89,norman wells,US,1,1594849598,66,35.22,-97.44,87.8,9.17
90,bonthe,SL,92,1594849780,80,7.53,-12.51,76.73,12.35
91,twin falls,US,1,1594849303,68,48.16,-123.95,69.01,9.17
92,jinchang,CN,100,1594849239,39,38.5,102.17,75.83,6.71
93,marawi,PH,100,1594849780,93,8.0,124.29,73.0,4.0
94,vaini,TO,20,1594849780,83,-21.2,-175.2,75.2,9.17
95,houston,US,40,1594849667,46,29.76,-95.36,100.0,6.93
96,rio muerto,GR,0,1594849303,78,38.3,21.78,73.4,5.41
97,kyshtovka,RU,0,1594849240,91,56.55,76.63,60.66,6.55
98,kavieng,PG,2,1594849781,69,-2.57,150.8,82.71,3.2
99,cherskiy,RU,100,1594849781,64,68.75,161.3,45.16,4.14
100,egvekinot,RU,66,1594849240,79,66.32,-179.17,52.36,5.08
101,oranjemund,NA,0,1594849781,34,-28.55,16.43,59.58,8.55
102,georgetown,MY,20,1594849593,94,5.41,100.34,78.8,4.68
103,longyearbyen,SJ,75,1594849781,75,78.22,15.64,44.6,2.24
104,sindor,RU,100,1594849241,97,62.86,51.89,56.48,11.56
105,souillac,MU,75,1594849781,73,-20.52,57.52,71.6,11.41
106,katangli,RU,46,1594849781,78,51.71,143.23,61.45,9.44
107,aginskoye,RU,91,1594849241,83,51.1,114.53,64.26,4.52
108,pisco,PE,20,1594849782,77,-13.7,-76.22,64.4,6.93
109,kaitangata,NZ,45,1594849782,85,-46.28,169.85,42.01,1.99
110,saskylakh,RU,99,1594849304,50,71.92,114.08,63.37,20.24
111,katsuura,JP,75,1594849305,88,35.13,140.3,69.8,2.24
112,mount isa,GB,98,1594849782,93,53.66,-1.85,57.0,4.0
113,natchez,US,1,1594849241,63,31.56,-91.4,91.4,5.82
114,huarmey,PE,7,1594849541,73,-10.07,-78.15,66.43,10.47
115,fortuna,US,20,1594849782,68,40.6,-124.16,70.0,14.99
116,manono,CD,100,1594849782,28,-7.3,27.42,79.95,5.91
117,dunedin,NZ,24,1594849641,86,-45.87,170.5,42.01,6.17
118,lerwick,GB,100,1594849783,100,60.15,-1.15,53.6,8.05
119,jamestown,US,40,1594849500,51,42.1,-79.24,84.0,6.93
120,castro,BR,2,1594849783,86,-24.79,-50.01,53.74,4.76
121,lianzhou,CN,32,1594849242,84,24.78,112.38,77.47,2.33
122,poya,NC,25,1594849783,55,-21.35,165.15,69.89,6.42
123,abu zabad,IN,37,1594849783,100,24.6,72.7,72.34,5.73
124,ostrovnoy,RU,0,1594849783,79,68.05,39.51,49.23,6.87
125,bathsheba,BB,40,1594849783,66,13.22,-59.52,86.0,12.75
126,mokhsogollokh,RU,42,1594849242,61,61.47,128.92,69.57,0.54
127,cabo san lucas,BR,40,1594849783,74,-8.28,-35.03,78.8,13.87
128,svetlogorsk,BY,41,1594849783,89,52.63,29.73,49.26,2.55
129,aykhal,RU,90,1594849784,63,66.0,111.5,64.4,6.71
130,ilulissat,GL,75,1594849306,75,69.22,-51.1,46.4,3.36
131,beringovskiy,RU,1,1594849784,73,63.05,179.32,54.68,4.65
132,redmond,US,0,1594849015,46,47.67,-122.12,82.0,6.93
133,vernon,CA,1,1594849784,34,50.26,-119.27,81.0,8.05
134,wajima,JP,54,1594849784,80,37.4,136.9,70.61,1.14
135,victoria,HK,100,1594849683,74,22.29,114.16,86.0,15.01
136,araouane,ML,74,1594849784,43,18.9,-3.53,89.98,10.56
137,port hawkesbury,CD,14,1594849306,47,-7.03,29.76,73.47,6.82
138,saldanha,ZA,0,1594849784,75,-33.01,17.94,46.4,4.7
139,nevsehir,TR,40,1594849243,37,38.92,34.67,71.6,3.36
140,nur,PL,3,1594849785,80,52.67,22.32,58.73,5.53
141,comodoro rivadavia,BR,11,1594849785,46,-13.66,-59.79,77.68,3.56
142,tasiilaq,GL,0,1594849785,70,65.61,-37.64,46.4,6.93
143,port hardy,CD,14,1594849183,47,-7.03,29.76,73.47,6.82
144,najran,SA,75,1594849244,21,17.49,44.13,93.2,13.87
145,tazovskiy,RU,100,1594849785,100,67.47,78.7,51.57,6.73
146,tokyo,JP,75,1594848999,93,35.69,139.69,66.99,10.29
147,mogadouro,PT,9,1594849244,37,41.34,-6.71,75.0,1.99
148,hambantota,LK,94,1594849785,100,6.12,81.12,77.0,5.82
149,raudeberg,NO,75,1594849785,82,61.99,5.14,62.6,3.36
150,chokurdakh,RU,100,1594849785,90,70.63,147.92,36.55,13.09
151,lososina,RU,7,1594849244,79,49.0,140.31,63.25,8.77
152,linxia,CN,38,1594849244,65,35.6,103.21,60.28,2.64
153,beira,MZ,75,1594849786,60,-19.84,34.84,69.8,19.46
154,kavaratti,IN,100,1594849786,77,10.57,72.64,82.9,21.12
155,vila franca do campo,PT,31,1594849786,41,42.03,-8.16,75.2,5.82
156,berlevag,NO,82,1594849308,87,70.86,29.09,55.4,3.36
157,chaplynka,UA,15,1594849245,69,46.37,33.54,61.11,5.95
158,aljezur,PT,0,1594849245,66,37.32,-8.8,70.23,3.4
159,phan rang,TH,20,1594849786,100,19.55,99.74,78.8,1.86
160,nijar,ES,78,1594849245,42,36.97,-2.21,82.4,16.11
161,ixtapa,MX,40,1594849245,70,20.7,-105.2,91.0,11.41
162,ucluelet,CA,40,1594848958,77,48.93,-125.55,66.2,14.99
163,haikou,CN,95,1594849246,88,20.05,110.34,78.8,4.47
164,khani,GE,75,1594849786,88,41.96,42.96,73.4,3.36
165,geraldton,AU,75,1594849309,87,-28.77,114.6,53.6,13.87
166,verkhnyaya inta,RU,99,1594849787,97,60.98,40.21,53.65,8.23
167,faya,SA,34,1594849787,38,18.39,42.45,77.0,2.55
168,petropavlovsk-kamchatskiy,RU,90,1594849787,100,53.05,158.65,55.4,4.47
169,grand river south east,US,1,1594849309,12,38.88,-109.5,96.8,11.41
170,iqaluit,CA,20,1594849648,51,63.75,-68.51,60.8,4.7
171,jaisalmer,IN,39,1594849246,53,26.91,70.92,90.48,19.66
172,hualmay,PE,8,1594849708,73,-11.1,-77.61,65.39,11.3
173,cap malheureux,FR,90,1594849787,87,49.27,-1.21,62.01,9.17
174,antalaha,MG,40,1594849787,88,-14.9,50.28,67.17,6.44
175,saint-dizier,FR,73,1594849247,63,48.42,5.08,64.4,4.7
176,narsaq,GL,5,1594849787,54,60.92,-46.05,57.2,10.29
177,galdar,ES,20,1594849247,78,28.15,-15.65,73.99,32.21
178,hasaki,JP,75,1594849788,93,35.73,140.83,64.4,8.05
179,altagracia de orituco,NI,40,1594849310,78,11.57,-85.58,82.4,4.7
180,bethel,US,75,1594849236,65,41.37,-73.41,78.01,5.82
181,estacion coahuila,PH,0,1594849310,90,15.7,120.61,77.22,3.15
182,larsnes,NO,75,1594849247,87,62.2,5.58,57.0,3.69
183,lebu,CL,100,1594849788,91,-37.62,-73.65,52.12,0.6
184,aibonito,PR,41,1594849247,69,18.14,-66.27,87.01,7.0
185,lahaina,US,75,1594849231,51,20.88,-156.68,82.4,18.34
186,nikolayevsk-na-amure,RU,54,1594849248,59,53.14,140.73,74.7,3.02
187,rudbar,AF,3,1594849788,17,30.15,62.6,89.71,8.61
188,puerto ayora,ES,0,1594849160,42,36.59,-6.23,82.4,23.04
189,ondangwa,NA,0,1594849248,22,-17.92,15.95,57.2,6.93
190,mbandaka,CD,24,1594849248,91,0.05,18.26,70.75,2.28
191,yulara,AU,0,1594849789,55,-25.24,130.99,33.8,5.82
192,guanare,VE,98,1594849248,89,9.04,-69.74,80.29,3.09
193,karlovac,HR,0,1594849249,84,45.49,15.55,62.01,3.11
194,kumylzhenskaya,RU,24,1594849249,86,49.88,42.59,57.99,5.08
195,karratha,AU,4,1594849311,51,-20.74,116.85,64.22,10.38
196,saint-jean-port-joli,CA,18,1594849249,66,47.22,-70.27,68.0,11.99
197,usinsk,RU,92,1594849789,78,65.99,57.53,44.92,6.08
198,chifeng,CN,17,1594849789,59,42.27,118.96,73.11,4.61
199,mount gambier,GB,98,1594849790,93,53.66,-1.85,57.0,4.0
200,airai,TL,82,1594849312,98,-8.93,125.41,54.66,3.87
201,pilar,BR,0,1594849790,78,-9.6,-35.96,77.0,6.93
202,fort nelson,NL,86,1594849790,78,52.65,6.39,60.01,3.36
203,kirakira,SB,100,1594849790,79,-10.45,161.92,80.04,5.95
204,sao paulo,IN,100,1594849312,96,20.51,76.21,73.17,3.13
205,wajir,KE,45,1594849250,56,1.75,40.06,76.17,18.01
206,viesca,MX,75,1594849250,18,25.35,-102.8,96.8,8.9
207,uyuni,BO,0,1594849250,47,-20.46,-66.83,45.48,10.09
208,yumen,CN,99,1594849792,25,40.28,97.2,68.27,3.78
209,surman,LY,0,1594849250,39,32.76,12.57,88.2,17.16
210,sydney,AU,20,1594849736,66,-33.87,151.21,50.0,18.34
211,kaeo,NZ,15,1594849792,3,-35.1,173.78,57.0,3.24
212,russell,US,75,1594849250,83,32.35,-85.2,89.6,5.82
213,yichang,CN,100,1594849250,89,30.71,111.28,71.01,1.12
214,wabana,CA,90,1594849251,100,47.63,-52.95,50.0,19.46
215,antsohihy,MG,16,1594849793,78,-14.88,47.99,65.21,4.76
216,new port richey,LR,61,1594849187,90,6.65,-10.59,70.52,3.51
217,hofn,IS,100,1594849794,92,64.25,-15.21,51.42,10.16
218,kaduqli,SD,100,1594849251,87,11.02,29.72,74.21,0.29
219,meulaboh,ID,100,1594849315,90,4.14,96.13,77.38,4.94
220,mogadishu,SO,95,1594849315,84,2.04,45.34,77.77,17.54
221,awbari,LY,0,1594849794,20,26.59,12.78,85.75,8.28
222,sitka,US,75,1594849794,82,57.05,-135.33,59.0,9.17
223,gusau,NG,84,1594849251,75,12.16,6.66,79.02,7.52
224,ahipara,NZ,68,1594849315,91,-35.17,173.17,60.64,6.6
225,biak,ID,100,1594849252,85,-0.91,122.88,76.06,2.73
226,maragogi,BR,13,1594849795,79,-9.01,-35.22,75.18,7.16
227,maraba,BR,40,1594849252,41,-5.37,-49.12,91.4,3.36
228,otjimbingwe,NA,0,1594849252,36,-22.35,16.13,51.3,11.54
229,taoudenni,ML,8,1594849795,20,22.68,-3.98,99.79,8.52
230,hidrolandia,BR,67,1594849252,54,-4.41,-40.44,81.95,4.74
231,niamey,NE,61,1594848981,78,13.51,2.11,80.6,3.36
232,monastyrshchina,RU,100,1594849253,91,54.35,31.84,51.71,13.31
233,juegang,CN,98,1594849253,94,32.32,121.19,69.01,5.97
234,alekseyevsk,RU,95,1594849253,88,57.84,108.35,53.33,5.35
235,amol,IR,39,1594849253,84,36.47,52.35,75.65,3.22
236,skibbereen,IE,75,1594849796,87,51.55,-9.27,59.0,14.99
237,bom jesus da lapa,ML,98,1594849316,62,14.95,-2.93,81.95,7.09
238,riccione,IT,62,1594849253,77,44.01,12.64,70.0,2.24
239,oksfjord,NO,71,1594849253,67,70.24,22.35,60.8,13.87
240,cayenne,GF,5,1594849796,74,4.93,-52.33,82.4,2.24
241,tiarei,PF,75,1594849796,78,-17.53,-149.33,80.6,11.41
242,kabalo,CD,100,1594849253,33,-6.05,26.92,79.57,3.11
243,tual,ID,21,1594849254,85,-5.67,132.75,78.75,19.71
244,farafangana,MG,17,1594849254,87,-22.82,47.83,67.42,11.83
245,marienburg,PL,89,1594849796,100,54.04,19.03,64.99,8.05
246,lewistown,US,75,1594849797,31,40.6,-77.57,91.4,6.93
247,porto novo,PT,57,1594849562,68,41.15,-8.61,84.0,6.22
248,muros,ES,0,1594849797,72,42.78,-9.06,64.0,15.99
249,innisfail,AU,2,1594849797,57,-17.53,146.03,54.0,1.01
250,okhotsk,RU,88,1594849797,89,59.38,143.3,58.86,8.72
251,mayo,US,1,1594849797,51,38.89,-76.51,89.6,10.29
252,sao sebastiao,IN,100,1594849302,96,20.51,76.21,73.17,3.13
253,pedernales,DO,40,1594849317,59,18.04,-71.74,89.6,17.22
254,necochea,AR,0,1594849781,76,-38.55,-58.74,45.0,5.01
255,madang,PG,39,1594849254,85,-5.22,145.8,78.93,3.53
256,esperance,AU,90,1594849797,81,-33.87,121.9,48.2,12.75
257,hereford,GB,67,1594849255,84,52.06,-2.71,60.01,6.13
258,waipawa,NZ,100,1594849798,62,-41.41,175.52,46.99,4.0
259,altay,CN,48,1594849798,45,47.87,88.12,62.91,9.73
260,tahe,CN,100,1594849318,75,52.33,124.73,71.01,2.64
261,sierra vista,CO,6,1594849318,75,5.15,-74.99,78.15,2.35
262,harper,LR,100,1594849798,74,4.38,-7.72,75.49,6.76
263,severo-kurilsk,RU,93,1594849798,90,50.68,156.12,51.87,8.99
264,burlington,US,40,1594849090,61,39.88,-74.64,82.4,12.75
265,coihaique,CL,90,1594849245,86,-45.58,-72.07,35.6,3.36
266,vestmannaeyjar,IS,100,1594849798,93,63.44,-20.27,52.88,29.24
267,chikmagalur,IN,100,1594849255,94,13.32,75.78,66.97,6.24
268,upernavik,GL,83,1594849318,90,72.79,-56.15,42.66,4.61
269,duluth,US,1,1594849256,28,46.78,-92.11,84.99,17.22
270,lavrentiya,RU,87,1594849798,84,65.58,-171.0,48.38,3.87
271,dong hoi,CM,97,1594849799,97,4.89,12.01,68.54,3.71
272,faanui,PF,10,1594849319,86,-16.48,-151.75,77.86,16.87
273,mandera,KE,96,1594849799,53,3.94,41.87,80.58,18.48
274,guerrero negro,MX,88,1594849799,70,17.67,-100.0,78.75,1.16
275,orlik,RU,0,1594849256,82,52.52,99.83,41.92,3.29
276,salym,RU,0,1594849799,76,60.06,71.48,72.54,7.58
277,tahta,EG,0,1594849256,19,26.77,31.5,83.3,12.55
278,nakamura,JP,84,1594849256,82,32.98,132.93,71.4,1.68
279,torfyanoy,RU,55,1594849257,94,58.49,49.2,65.32,6.11
280,tomter,NO,20,1594849257,92,59.65,11.0,59.0,1.83
281,clyde river,US,1,1594849319,51,41.3,-82.98,87.01,10.29
282,cidreira,BR,0,1594849799,64,-30.18,-50.21,49.48,4.99
283,nantucket,US,75,1594849800,68,41.28,-70.1,69.01,18.34
284,camacha,PT,75,1594849800,73,33.08,-16.33,69.8,12.75
285,paamiut,GL,2,1594849800,82,61.99,-49.67,43.97,21.97
286,kahului,US,40,1594849800,43,20.89,-156.47,87.8,18.34
287,vila,PT,31,1594849786,41,42.03,-8.16,75.2,5.82
288,san quintin,ML,98,1594849800,70,13.3,-4.9,81.03,0.54
289,fairbanks,US,1,1594849800,60,64.84,-147.72,71.01,4.7
290,dingle,PH,56,1594849801,91,11.0,122.67,75.65,4.83
291,bambous virieux,MU,75,1594849320,73,-20.26,57.41,71.6,11.41
292,bahia de caraquez,BR,65,1594849320,65,-12.0,-42.0,67.03,6.62
293,chernyshkovskiy,RU,3,1594849258,60,48.42,42.23,63.39,4.9
294,coahuayana,MX,75,1594849320,78,18.73,-103.68,82.4,11.41
295,cedeno,CO,20,1594849258,80,7.05,-72.16,76.75,2.13
296,havoysund,NO,67,1594849801,72,71.0,24.66,59.0,8.05
297,coria,ES,9,1594849259,25,39.99,-6.54,86.0,5.99
298,plymouth,US,1,1594849259,68,41.83,-70.83,75.2,10.29
299,chimbote,PE,11,1594849259,80,-9.09,-78.58,64.27,9.22
300,terrace,CA,90,1594849682,93,54.52,-128.6,59.0,16.11
301,bourail,NC,35,1594849260,57,-21.57,165.48,69.48,7.76
302,sinnamary,GF,7,1594849802,80,5.38,-52.95,79.74,11.25
303,cockburn town,AU,0,1594849321,62,-32.08,141.0,43.81,4.92
304,nacogdoches,US,1,1594849260,59,31.6,-94.63,96.01,10.29
305,opuwo,NA,0,1594849260,33,-18.06,13.84,55.6,15.7
306,batagay-alyta,RU,95,1594849261,58,67.8,130.41,52.2,9.98
307,kununurra,AU,35,1594849802,37,-15.77,128.73,66.2,8.05
308,ziarat,PK,0,1594849261,55,30.38,67.73,66.67,4.03
309,bekovo,RU,0,1594849261,91,52.47,43.71,55.9,8.01
310,mariental,NA,0,1594849261,49,-24.63,17.97,42.94,11.45
311,nyrob,RU,90,1594849261,96,60.73,56.72,65.88,6.35
312,volosovo,RU,100,1594849262,59,59.43,29.48,62.6,8.95
313,rio grande,GR,0,1594849802,78,38.3,21.78,73.4,5.41
314,mana,GF,1,1594849262,84,5.66,-53.78,79.16,9.13
315,tateyama,JP,75,1594849803,88,34.98,139.87,69.8,2.24
316,banda aceh,IN,1,1594849803,60,25.48,80.33,89.33,7.58
317,hadgaon,IN,100,1594849262,94,19.5,77.67,74.44,7.67
318,port-gentil,GA,90,1594849322,78,-0.72,8.78,77.0,11.77
319,provideniya,RU,90,1594849322,81,64.38,-173.3,48.2,8.95
320,roros,NO,32,1594849262,76,62.57,11.38,55.4,4.7
321,taunggyi,MM,80,1594849803,100,20.78,97.03,61.32,2.48
322,rondonopolis,BR,23,1594849262,29,-16.47,-54.64,83.01,6.11
323,misratah,LY,0,1594849803,74,32.38,15.09,78.39,12.5
324,nemuro,JP,100,1594849804,90,43.32,145.57,53.89,7.7
325,patos de minas,BR,100,1594849065,61,-7.02,-37.28,79.34,19.1
326,kachiry,KZ,1,1594849804,90,53.07,76.1,60.51,7.58
327,chumikan,RU,93,1594849804,90,54.72,135.31,65.91,7.11
328,alappuzha,IN,100,1594849263,84,9.49,76.33,77.86,4.23
329,huainan,CN,97,1594849263,95,32.63,117.0,66.99,5.08
330,dharmadam,IN,75,1594849263,94,11.78,75.43,75.2,2.91
331,orange,US,20,1594848987,53,33.7,-117.77,84.0,8.05
332,luderitz,NA,0,1594849804,18,-26.65,15.16,71.6,17.22
333,nanortalik,GL,40,1594849804,88,60.14,-45.24,42.67,9.64
334,klaksvik,FO,100,1594849805,100,62.23,-6.59,50.0,9.17
335,koumac,NC,3,1594849805,55,-20.57,164.28,70.0,8.05
336,takahagi,JP,100,1594849264,81,36.72,140.72,66.99,7.25
337,novobirilyussy,RU,75,1594849805,85,56.95,90.67,47.5,2.84
338,kishangarh,IN,2,1594849264,61,26.57,74.87,87.4,2.66
339,yueyang,CN,87,1594849264,95,29.33,113.09,72.55,4.92
340,pirovskoye,RU,49,1594849805,84,57.63,92.27,47.25,4.99
341,kholmogory,RU,20,1594849264,87,64.22,41.66,50.0,6.71
342,deneysville,ZA,0,1594849264,67,-26.89,28.1,35.15,6.58
343,batagay,RU,52,1594849805,54,67.63,134.63,54.68,8.75
344,taltal,CL,17,1594849806,64,-25.4,-70.48,59.22,3.67
345,san juan,ML,98,1594849806,70,13.3,-4.9,81.03,0.54
346,dyersburg,US,20,1594849265,63,36.03,-89.39,93.2,5.82
347,porbandar,IN,99,1594849524,87,21.64,69.61,82.22,7.29
348,sorland,NO,75,1594849324,82,67.67,12.69,57.2,3.36
349,port elizabeth,CD,14,1594849155,47,-7.03,29.76,73.47,6.82
350,ipixuna,BR,40,1594849806,78,-1.76,-48.8,80.6,9.17
351,gondar,ET,88,1594849265,94,12.6,37.47,58.89,4.07
352,tautira,PF,75,1594849325,78,-17.73,-149.15,82.0,11.41
353,mamakan,RU,58,1594849265,82,57.82,114.0,68.81,1.81
354,honiara,SB,90,1594849575,94,-9.43,159.95,75.2,3.36
355,vila velha,PT,31,1594849325,41,42.03,-8.16,75.2,5.82
356,kochki,RU,25,1594849266,84,54.34,80.48,55.89,4.94
357,coruripe,BR,3,1594849689,86,-10.13,-36.18,74.55,6.53
358,alice springs,US,1,1594849807,44,27.75,-98.07,98.6,18.34
359,morbegno,IT,66,1594849266,72,46.14,9.57,66.0,3.44
360,bernardino de campos,DO,40,1594849325,88,18.84,-70.02,86.0,6.93
361,aranjuez,ES,0,1594849266,25,40.03,-3.6,84.2,4.7
362,maiduguri,NG,7,1594849266,60,11.85,13.16,82.8,4.7
363,mahibadhoo,MV,98,1594849267,77,3.78,72.97,83.53,12.3
364,dahuk,IQ,0,1594849267,17,36.87,42.99,81.88,2.13
365,mahebourg,MU,75,1594849326,73,-20.41,57.7,71.6,11.41
366,puerto castilla,ES,0,1594849326,42,36.59,-6.23,82.4,23.04
367,alofi,NU,75,1594849807,69,-19.06,-169.92,77.0,12.75
368,nelson bay,NZ,98,1594849287,67,-41.28,173.28,44.01,4.12
369,vilyuysk,RU,90,1594849808,59,63.76,121.62,70.05,4.12
370,kutum,SD,95,1594849267,52,14.2,24.67,78.06,9.62
371,aleksandrov gay,RU,97,1594849326,97,56.4,38.71,54.27,5.53
372,gazojak,TM,0,1594849808,23,41.19,61.4,82.54,10.92
373,zhuhai,CN,40,1594849326,89,22.28,113.57,86.0,11.41
374,rubiataba,BR,42,1594849268,27,-15.16,-49.8,73.22,7.2
375,palmas,BR,0,1594849217,38,-10.21,-48.36,87.8,5.82
376,roald,NO,97,1594849268,93,62.58,6.13,57.0,1.12
377,pangnirtung,CA,75,1594849327,52,66.15,-65.71,64.4,19.46
378,ojinaga,MX,1,1594849268,8,29.57,-104.42,107.6,13.87
379,sikonge,TZ,99,1594849268,49,-5.63,32.77,72.88,10.4
380,alyangula,AU,24,1594849808,77,-13.85,136.42,68.0,4.7
381,dudinka,RU,75,1594849268,93,69.41,86.18,46.4,6.71
382,wielun,PL,77,1594849268,96,51.22,18.57,66.0,7.29
383,dharchula,IN,37,1594849269,73,29.85,80.53,68.05,1.59
384,igarka,RU,99,1594849269,82,67.47,86.58,47.86,7.83
385,jalu,LY,0,1594849809,35,29.03,21.55,82.63,11.52
386,maceio,BR,1,1594849251,78,-9.67,-35.74,77.0,6.93
387,semenivka,UA,100,1594849269,85,52.18,32.58,52.2,10.76
388,srednekolymsk,RU,96,1594849809,58,67.45,153.68,46.15,8.48
389,businga,CD,99,1594849269,93,3.33,20.88,70.61,0.94
390,constitucion,CL,6,1594849328,79,-35.33,-72.42,53.47,5.68
391,san patricio,ML,98,1594849809,70,13.3,-4.9,81.03,0.54
392,sompeta,IN,9,1594849810,84,18.93,84.6,80.26,10.92
393,vardo,NO,35,1594849810,81,70.37,31.11,55.4,3.36
394,kasongo-lunda,CD,1,1594849270,57,-6.47,16.82,72.55,0.6
395,grindavik,IS,75,1594849328,93,63.84,-22.43,51.8,18.34
396,santa isabel do rio negro,PH,0,1594849810,83,17.49,120.43,77.97,4.32
397,sao felix do xingu,IN,100,1594849623,96,20.51,76.21,73.17,3.13
398,abu samrah,IN,37,1594849328,100,24.6,72.7,72.34,5.73
399,ponta do sol,PT,100,1594849328,90,38.73,-28.27,65.68,8.52
400,thinadhoo,MV,100,1594849810,69,0.53,72.93,84.22,6.17
401,bardiyah,LY,0,1594849810,75,31.76,25.09,74.07,13.13
402,inhambane,MZ,20,1594849810,68,-23.86,35.38,62.56,14.14
403,rusape,ZW,96,1594849270,87,-18.53,32.13,48.31,12.53
404,baghdad,IQ,0,1594849604,23,33.34,44.4,96.8,12.75
405,vestmanna,FO,100,1594849329,100,62.16,-7.17,50.0,9.17
406,jashpurnagar,IN,22,1594849271,97,22.9,84.15,72.36,2.13
407,veraval,IN,100,1594849271,85,20.9,70.37,81.54,9.6
408,coquimbo,CL,75,1594849531,76,-29.95,-71.34,53.6,8.05
409,auki,SB,100,1594849811,85,-8.77,160.7,76.12,5.23
410,sungairaya,ID,62,1594849811,82,0.7,108.9,76.66,3.42
411,alta floresta,NO,89,1594849329,67,69.97,23.27,60.8,13.87
412,meadow lake,US,7,1594849811,34,45.53,-102.22,82.99,8.99
413,namatanai,PG,9,1594849811,73,-3.67,152.43,81.9,2.84
414,hirara,JP,75,1594849811,83,24.8,125.28,84.2,17.22
415,inuvik,CA,75,1594849811,63,68.35,-133.72,62.6,5.82
416,san francisco del mar,ML,98,1594849302,70,13.3,-4.9,81.03,0.54
417,filadelfia,US,90,1594849575,58,39.95,-75.16,84.0,10.29
418,brae,GB,100,1594849812,100,60.4,-1.35,53.6,8.05
419,mabaruma,GY,32,1594849812,83,8.2,-59.78,79.27,4.88
420,buckeye,US,0,1594849168,14,33.37,-112.58,108.0,8.05
421,shimoda,JP,75,1594849272,83,34.67,138.95,73.4,1.12
422,dzaoudzi,YT,40,1594849272,69,-12.79,45.27,77.0,26.4
423,biskamzha,RU,99,1594849272,71,53.45,89.53,52.0,3.29
424,sao filipe,IN,100,1594849187,96,20.51,76.21,73.17,3.13
425,autazes,BR,15,1594849272,63,-3.58,-59.13,81.39,2.15
426,pychas,RU,32,1594849272,69,56.5,52.44,75.0,1.01
427,victor harbor,US,100,1594849183,55,42.98,-77.41,86.0,1.01
428,samarai,PG,26,1594849812,86,-10.62,150.67,78.49,14.88
429,wanaka,NZ,21,1594849273,80,-44.7,169.15,34.61,0.72
430,mountain home,CO,75,1594849330,84,13.37,-81.37,86.0,6.93
431,tilichiki,RU,100,1594849812,86,60.47,166.1,51.44,3.13
432,lagoa,PT,100,1594849813,83,39.05,-27.98,68.83,14.38
433,buraydah,SA,0,1594849751,20,26.33,43.98,96.8,17.22
434,yenagoa,NG,100,1594849273,96,4.92,6.26,73.02,5.7
435,artyom,AZ,0,1594849273,57,40.47,50.33,78.8,9.17
436,shuya,RU,72,1594849273,92,56.85,41.39,55.87,8.66
437,hurghada,EG,0,1594849273,27,27.26,33.81,90.09,16.2
438,sao mateus,IN,100,1594849331,96,20.51,76.21,73.17,3.13
439,tezu,IN,100,1594849273,85,27.92,96.17,75.65,2.53
440,kieta,PG,56,1594849331,68,-6.22,155.63,82.45,1.25
441,roma,US,1,1594849564,45,43.21,-75.46,84.99,3.36
442,miraflores,MX,40,1594849274,36,19.22,-98.81,78.8,4.7
443,kasama,ZM,0,1594849274,55,-10.21,31.18,55.24,7.65
444,daan,CN,83,1594849274,91,33.06,106.3,64.99,2.73
445,montefiascone,IT,2,1594849274,76,42.54,12.04,64.99,2.35
446,biharamulo,TZ,100,1594849274,55,-2.63,31.31,68.97,3.27
447,swellendam,ZA,9,1594849274,86,-34.02,20.44,39.2,1.12
448,qostanay,KZ,0,1594849274,49,53.17,63.58,73.4,4.47
449,nsanje,MW,99,1594849274,85,-16.92,35.26,65.21,6.38
450,saraland,US,75,1594849274,88,30.82,-88.07,77.0,6.38
451,girne,CY,0,1594849275,83,35.34,33.32,78.8,14.99
452,waingapu,ID,24,1594849275,84,-9.66,120.26,71.04,9.89
453,ust-kuyga,RU,0,1594849814,54,70.02,135.6,48.69,20.4
454,kintampo,GH,78,1594849275,88,8.06,-1.73,69.91,4.9
455,simoes,BR,42,1594849275,52,-7.6,-40.82,76.82,7.45
456,haines junction,US,90,1594849332,59,59.23,-135.44,64.4,11.41
457,atar,MR,0,1594849814,20,20.52,-13.05,95.13,5.86
458,ondo,NG,100,1594849275,97,7.1,4.83,71.04,3.96
459,champerico,GT,40,1594849332,49,14.3,-91.92,93.2,9.17
460,cagayan de tawi-tawi,PH,97,1594849814,70,6.97,118.51,83.88,8.61
461,imeni poliny osipenko,NG,100,1594849815,96,7.32,5.96,71.46,8.12
462,adrar,MR,0,1594849333,23,20.5,-10.07,96.4,16.02
463,anqing,CN,100,1594849276,90,30.51,117.05,69.91,5.32
464,veselynove,UA,41,1594849276,62,47.36,31.23,62.87,2.42
465,kupang,ID,40,1594849276,73,-10.17,123.58,75.2,8.05
466,pevek,RU,100,1594849177,84,69.7,170.31,45.81,3.06
467,broome,US,1,1594849815,39,42.25,-75.83,84.99,4.27
468,dasoguz,TM,0,1594849276,34,41.84,59.97,78.8,9.17
469,mandiana,GN,45,1594849276,90,10.63,-8.68,73.36,7.7
470,gat,IL,0,1594849333,70,31.61,34.76,80.01,2.28
471,dawson creek,US,1,1594849333,50,31.77,-84.45,95.0,10.29
472,marystown,CA,100,1594849333,90,47.17,-55.15,52.75,19.98
473,chern,RU,100,1594849277,95,53.45,36.91,52.97,16.06
474,pangody,RU,70,1594849816,92,65.85,74.49,52.07,23.71
475,grants,US,75,1594849277,27,35.15,-107.85,78.8,27.51
476,visnes,NO,20,1594849277,87,59.36,5.22,57.0,4.7
477,erdenet,MN,100,1594849816,86,49.03,104.08,49.44,15.97
478,mumbwa,ZM,0,1594849277,40,-14.98,27.06,54.57,7.18
479,polunochnoye,RU,69,1594849277,97,60.87,60.42,65.68,3.78
480,nara,JP,75,1594849331,94,34.69,135.8,71.01,3.36
481,ati,TD,25,1594849816,45,13.22,18.34,88.05,3.47
482,novochernorechenskiy,RU,50,1594849277,82,56.27,91.08,46.87,1.77
483,lata,PT,0,1594849816,60,40.16,-8.33,72.0,2.24
484,kabwe,ZM,44,1594849277,40,-14.45,28.45,57.09,11.79
485,santa rosa,PH,0,1594849816,83,17.49,120.43,77.97,4.32
486,shelburne,CA,1,1594849816,45,44.08,-80.2,84.2,14.99
487,bonavista,CA,100,1594849334,79,48.65,-53.11,48.0,11.99
488,vanimo,PG,13,1594849335,84,-2.67,141.3,78.73,4.85
489,ancud,CL,90,1594849817,100,-41.87,-73.82,46.4,4.7
490,naze,JP,75,1594849817,88,28.37,129.48,80.6,13.87
491,puerto escondido,ES,0,1594849817,42,36.59,-6.23,82.4,23.04
492,husavik,IS,75,1594849817,93,66.04,-17.34,51.8,5.82
493,knysna,ZA,0,1594849278,70,-34.04,23.05,44.6,4.7
494,olinda,BR,40,1594849817,74,-8.01,-34.86,78.8,13.87
495,saint-georges,GD,20,1594849817,70,12.06,-61.75,86.0,17.22
496,aldan,RU,1,1594849278,71,58.6,125.39,67.23,1.83
497,gornyy,RU,77,1594849279,82,55.12,83.91,52.34,1.9
498,unterageri,CH,90,1594849279,87,47.14,8.59,62.01,1.28
499,limbang,MY,75,1594849279,88,4.75,115.0,78.8,2.24
